{
  "version": 1,
  "author": "Maria Eduarda",
  "editor": "wokwi",
  "parts": [
    { "type": "wokwi-arduino-uno", "id": "uno", "top": 0, "left": 0, "attrs": {} },
    {
      "type": "wokwi-hc-sr04",
      "id": "ultrasonic1",
      "top": -148.84,
      "left": 244.61,
      "attrs": { "distance": "115" }
    },
    {
      "type": "wokwi-buzzer",
      "id": "bz1",
      "top": -162.89,
      "left": 37.09,
      "attrs": { "volume": "0.1" }
    }
  ],
  "connections": [
    [ "ultrasonic1:GND", "uno:GND.3", "black", [ "v300.6", "h-158.43" ] ],
    [ "ultrasonic1:VCC", "uno:5V", "red", [ "v294.24", "h-152.59" ] ],
    [ "ultrasonic1:ECHO", "uno:3", "green", [ "v38.3", "h-107.25" ] ],
    [ "ultrasonic1:TRIG", "uno:12", "green", [ "v28.11", "h-189.13" ] ],
    [ "bz1:2", "uno:8", "green", [ "v35.21", "h105.99" ] ],
    [ "bz1:1", "uno:GND.1", "green", [ "v65.47", "h45.72" ] ]
  ]
}