{
  "version": 1,
  "author": "Maria Eduarda",
  "editor": "wokwi",
  "parts": [
    { "type": "wokwi-arduino-uno", "id": "uno", "top": -3.33, "left": -47.33, "attrs": {} },
    {
      "type": "wokwi-analog-joystick",
      "id": "joystick1",
      "top": -141.45,
      "left": 30.67,
      "attrs": {}
    }
  ],
  "connections": [
    [ "joystick1:VCC", "uno:5V", "red", [ "v14.52", "h-120.72", "v216.53", "h171.44" ] ],
    [ "joystick1:GND", "uno:GND.1", "black", [ "v13.3", "h-31.56" ] ],
    [ "joystick1:SEL", "uno:7", "green", [ "v17.01", "h47.57" ] ],
    [ "joystick1:HORZ", "uno:A1", "green", [ "v14.3", "h169.46", "v229.93", "h-76.64" ] ],
    [ "joystick1:VERT", "uno:A0", "green", [ "v10.7", "h-149.63", "v228.39", "h237.14" ] ]
  ],
  "dependencies": {}
}